left_elbow_angle,right_elbow_angle,left_wrist_angle,right_wrist_angle,left_shoulder_angle,right_shoulder_angle,hip_angle,waist_angle,left_knee_angle,right_knee_angle,left_ankle_angle,right_ankle_angle
158.09246466221572,144.99833297605716,171.75105056055898,169.38125880070857,8.29223526640216,7.133313943811942,160.31999468014845,11.96751280176751,102.34264728770746,114.60994228057127,142.18976676642228,147.59871654623714
156.19741467524855,144.72059231666017,174.53924572981236,168.36384322196372,9.009612376163158,6.851198204808163,160.27712347915693,11.925244202254088,101.89599413726175,114.58803597680146,143.4926462275842,147.2816107619173
156.19109080079056,143.03945039764184,169.8478052729348,168.80999739775447,9.786147686765519,5.568513433115132,160.42942006425764,11.844270452582096,100.92224456067987,114.34165177564503,144.50801681647718,147.37196948899103
154.28187600831475,141.14213064593272,173.12665752079724,167.20762876063645,10.004838251688945,5.2218563969767935,160.22350573591027,11.79153326428454,99.67828402391022,114.12868992935014,145.0164148059533,147.76330617291737
151.154336513727,140.28027782746193,175.84501060370093,166.53692540145377,10.105572320301123,4.976825728584337,160.14123599612915,11.776995026320655,99.17034303778108,114.22277189735722,145.0533853986281,149.66504809894658
147.267011231733,139.29322845950344,163.02775766452908,166.55006521995873,10.439565709351397,4.612672648606358,159.9773275580307,11.934227387451656,98.86700023353903,113.73992345450228,144.78108744958564,149.46129103969432
146.54636695009359,139.70291447325465,160.93081084448485,166.9700355698215,10.50881411509307,4.777872569577929,159.93083807326505,12.091417876931994,98.77034889445432,113.49429388823908,144.47804218652158,147.99014310624278
146.42443871289262,140.91392898013814,170.14647179406813,170.31557852124,10.59602698613061,4.413912704700917,159.78992902979482,12.150241291101809,98.7554127213513,113.64754987866024,144.41415979134595,147.37689625072431
145.94521199099543,142.93506328568637,179.18732754011657,172.8077326317377,10.688154579199916,4.1532651859816125,159.530296012424,12.049691380674481,99.40056875023976,114.6220959738869,144.4492423387558,146.52892695931592
145.87802814779792,144.30868287712136,179.60615657212495,174.36133503884184,11.011447613473782,4.198471268650786,159.30157367812754,12.277415481408404,100.27384300268062,116.40086311683059,144.57788593142462,145.78394605571057
145.48563037927832,144.33947888180637,173.99876234842085,174.171214120166,10.915037066618119,3.9800101423474894,159.18221554930173,12.284186505752757,101.6708039993805,119.23633797060988,145.0742331538768,143.3516692819619
148.86248236309083,144.4076341224832,176.51568747582527,174.27829609890333,10.129700717989234,4.065736410537974,158.287984475543,11.669387034326029,103.24888829938851,123.91002062215775,145.16280980393734,144.53121269552116
150.09299978694952,144.7283486318624,167.67798902982793,170.95790996045622,11.007575140767088,4.877694828864257,157.35526805287597,12.629984559417514,106.31990449101524,128.80948915397556,144.5042306983765,144.1887729690587
150.43157842373182,144.41831898730538,165.7287509607528,168.06717626589884,11.237032058133376,4.900178392142678,157.6062825484504,13.27520386583998,110.13129199271121,131.99405241591487,142.92716691952873,148.47521467150358
150.46476963020737,143.96602518215118,166.84452155342365,167.23820537296515,11.117110990385184,4.49150269406051,158.82168937850858,13.318658813108176,114.01703426433512,135.6398855126914,142.06042268365016,149.71105456722282
147.7288009054444,142.7617676413286,166.65913028216565,168.11101776102032,11.49371391525107,3.2695021485579554,159.94972590086613,13.521918014539265,116.4052605624984,138.73040255803946,141.62373236142471,147.95230448528892
145.87066858610333,141.47282940392466,168.8319249089978,166.4382740889683,12.034387482572553,2.7309216125563363,161.88071572519206,14.101629522974655,121.46712871749862,140.75813312745893,141.25583657750923,152.4337521233867
145.8500380939634,140.93815694177545,171.886120769394,165.72587631662668,12.133226898373664,1.7921432618957303,164.18672812651678,14.160469106575551,127.31698561558889,145.28198995083653,141.31020873813256,162.53062932393223
147.58607237591553,140.88182397454077,173.20249817994915,165.34912175955114,12.19221677848747,1.4845753793150638,165.87117548131712,14.748330742255547,132.3938637399933,147.7109321863871,140.1278293465719,155.03994655218304
147.5921882895394,140.17794340892905,172.45404541266228,164.87454779797469,12.009744169770483,0.8324401915098945,167.37664616668025,15.388041750759864,135.92658012255023,151.24928064578302,137.80213916056738,151.40432380522697
148.43967750950497,139.17592078581066,176.3939754384618,164.07808536630614,11.967084504241015,0.10097787953360482,167.00023184180094,15.637309850056633,138.6496045760751,154.81569251893026,135.9256266176019,148.3270282291978
150.32776389928028,137.6710054590056,178.6285377656739,162.0516031038751,12.206861595915568,2.1481834474676162,167.48666453878002,15.667778285778637,141.69163196993793,156.01225338831554,134.22982029883045,148.00124650921322
150.83716218147637,137.58855631958082,175.99309429844484,159.52964545247144,12.43639316068363,3.131461164860695,168.28407007843106,15.296727957134822,145.63102666770197,157.251343990543,132.90174304692385,148.29954142467238
151.00523411650173,138.35079265592782,172.7263689772359,158.53486666267017,12.423448424643977,4.20918579374209,168.30301526572254,14.745075405421774,149.07303999932037,157.90338024958913,133.44950968476357,152.97747235538128
151.02816059940815,140.1780495032362,171.59684438365034,155.58775859032292,12.095666953382203,3.945984520193834,168.0355550845535,15.2027799014384,151.84278960972918,158.47438127612492,135.33957264667845,152.60161899585248
148.8173822737287,139.9232146276142,167.56568870339862,152.45097010452653,12.95005345631093,4.774237198230344,168.5764931989366,15.357255119378237,154.87617838527945,159.60744825047834,135.25748423624265,153.17666035641403
145.2242789006481,139.01095088536732,160.60048684681726,148.3413492852166,14.827511586344297,7.408626753819014,170.02189924656884,15.23256854766274,158.21248210465546,161.3063813047845,135.65707883515813,158.06655744746288
144.56796349679044,137.4284475762987,157.84223866804874,146.00728370389905,15.60522137402351,9.723600000055916,170.63909084686057,15.304177779303497,161.02187539742874,162.29144436870615,135.83901419695053,157.13861719400163
143.3726204453707,134.90699371118626,157.37840712872335,146.2262616490667,17.7243325318134,12.770333933121353,170.61216394742632,15.375467085220132,162.21656790126153,163.77274731934168,135.76794229836398,157.23918579697926
143.71970891337529,134.2860557513828,161.1055005123987,145.6365345043883,18.734868743434973,14.071993767530095,170.98958418546914,15.467750623695975,163.68748637363714,164.13618760315822,135.40844492268764,158.80758473168004
144.62010466274245,132.5136214371675,156.04088348271426,145.08321279444075,19.078478312300817,16.131022187065522,171.19862414484203,15.574794803776902,164.6305017712687,164.61236140369792,135.09563143300312,159.74761609029835
144.43649783543728,132.22832798348355,157.03348491117802,145.35398111676753,21.974744696717593,18.464692488247284,172.2542849466021,15.166179159084857,165.7376145340636,165.58201747532476,134.63919271367573,160.05800217403717
143.30914975887674,131.37731891236058,149.3625372454021,145.15872082260196,24.362736915385334,21.043469995464267,172.96132979432736,14.90107031221982,166.33051319933628,166.07509254363717,134.2999918589669,160.51465408259006
142.85089820953849,130.02735710780874,155.2453083143228,144.74532022203994,24.79951310367912,23.321656720703587,173.2407274655186,14.75988686173951,165.9979666894998,166.27579985715954,134.37710020670463,159.79804689304004
141.2721776212808,126.97869614254098,156.9393747692317,145.18619688756277,25.524861154185377,26.306073761689685,173.65902841553518,14.621967758089093,165.39969375095788,166.46360873299503,134.5704102726033,159.38954841357764
140.82200524230726,126.06886705205775,159.00450954946632,142.80670743361532,25.89364448688749,28.25592184760673,173.88861950075244,14.41916883451239,164.6803891553201,166.59019309370387,134.821231768078,158.52938386406746
140.40251546764375,124.72276818163843,160.1659233240748,141.80058659993304,26.01231374659837,29.315804388057778,173.6870117284889,14.41471434664749,163.34036923709115,166.18675949390206,135.12636751428022,157.9896813993441
143.13536722813367,122.34025184408348,156.538609499571,140.034546696871,24.535423744661312,31.044437471660228,173.98629595630624,14.602041974880256,161.2755221520081,165.3653855707847,135.87334615870063,158.41027223047178
143.2560615883961,120.88317703251988,160.88294122884977,139.56843631451557,25.917575159186374,32.853626046720585,173.2672486200008,14.750437094133916,158.92254858230885,162.37229129937268,136.52833037087117,155.14884039225174
141.71197628313186,118.30061251752736,150.37068622046093,140.1911928154703,26.568862634959533,36.134930542017436,172.21368633551558,14.63186428612269,155.22554094289214,160.3155377395722,137.3821509284961,155.5650224636496
144.2091978636419,117.77775389619863,165.7051554980964,142.29268173086672,27.585362707900064,38.258632070812865,172.97553934109982,13.967128735866869,151.11738250772328,159.35440367818617,137.07110901022827,154.60019295622917
145.04658345076805,117.13999918780031,167.61511498409493,143.98884432678116,27.298722876457287,38.68891346483758,171.48764623544062,13.826150413159928,145.72875144627562,156.70349464409986,137.0188775568243,157.55343377262977
145.00471860668378,118.34016832297057,167.6524152005593,145.1766088712562,27.589576329710884,37.95928984805985,170.03020080756912,13.910723633137376,141.32084112749462,153.91694314466807,135.4974243092929,159.65588455681538
150.4482000600829,119.82044023376284,179.4268940154313,146.15106062994747,24.676676089739832,36.921546754016525,168.97895466915705,13.963445493246876,137.07122137232446,149.6438818120157,136.15706004578522,163.48841727274154
151.23441112974203,120.41194511230044,179.75327552576232,146.13255694414894,23.763659900951914,36.277162695219516,167.95845496755393,13.964950028648143,132.5831824905932,146.05807981069475,135.7241630602381,165.83328127882473
149.68470499117998,120.91149897480825,179.18132410160962,146.43852255850578,24.62810496546971,35.72964086876714,167.12600649785347,13.836273936720115,129.1245199567049,141.52029087914957,136.46122510463246,164.90405923634523
149.93043071101295,122.19397587543689,177.9870748301033,147.80728168079136,24.278861569673595,35.0261493177222,166.3005963892539,14.038947661657215,125.59786011634208,139.4789665867559,137.2889571437,160.85584676625976
154.04934031980707,123.64049904855952,176.85457625648752,148.345301853663,22.011330672147274,33.75809255597543,165.21265832264493,14.463311024011421,121.7731024218626,138.26127511738372,138.59252607800343,152.63044961675996
152.9663993289838,124.16445625685712,174.71342399019284,149.11691980470974,22.647351606366634,33.273369405484274,162.87034035325627,14.456262567474102,117.502362084709,133.5637152679394,139.69613702429373,148.8293607427976
151.9819131364212,124.06394478452036,173.51140310215135,149.90901838848885,23.454261338215794,33.30144974486174,162.03830362952314,14.762634124039886,115.55004580489054,131.93174586183883,141.21372955550834,144.08476207868623
150.88707025849436,123.5827026156733,173.96964070334246,150.95051173513954,24.20696338756776,33.775705010750436,161.29521932654433,14.597287280369526,113.57054871152388,130.94837241560458,142.09130017893798,143.98895420754977
151.5581464366797,123.60661207086795,179.29253939280997,152.2608031118426,24.36346559403075,34.200534247227466,161.59744797522765,14.626007381103037,112.02282967795426,128.29294693971326,142.76771207369796,145.86239346406953
150.15521647186242,123.84026422403255,172.72044060477145,152.5969068998071,25.171105723067733,34.140198600640154,161.15255492501802,14.675429465931577,108.55914133336526,123.83713089372725,143.92337317166886,145.42513919118784
147.34827979010643,124.06677921515774,171.00961703033605,153.46640148158363,26.67652276282735,34.0401254022436,160.6872526609704,14.650557772657203,106.68111287154092,119.26670358370063,144.12426242401145,149.22515695949255
146.71546839120833,124.6377830851567,172.0670126151765,154.34122934960897,26.912499546892068,33.91381527051857,160.50079108905697,14.736761338552926,104.62970347004571,115.40025928407657,144.35955915656973,154.15021798969306
145.75193330094163,125.49331190650008,174.59550701462717,155.80460707049457,27.690854783183834,33.91449447721062,159.68261120965514,14.721962463636473,102.76213737723467,114.90490152789604,144.69445606983066,156.044943742805
146.58425861091075,126.33501011652746,169.7651487977595,155.28889948720436,27.238958098630466,33.252083184151694,160.53832509228528,14.787672956776335,102.8473436452522,113.77418395818854,144.18020981155337,152.63740755121856
147.02976568731668,126.51390866476659,173.16888617730012,155.65765362724304,28.039650697091236,33.57248570423905,161.0211575448579,14.812003973007494,102.60215255016577,111.99353583323405,143.55052553669293,152.41727734586325
145.53800492680475,126.84352196699226,173.18545626717759,156.17354640004268,28.396717408831968,33.369238013094865,161.06424341859497,15.116530266153449,102.62314336122249,110.81052852158379,142.91487618883158,152.51661858738072
145.65703596145974,127.87398325834229,173.5960192936402,157.68241895946935,27.926984619657624,32.76318609503118,160.65682735098758,15.19431306339485,102.70218776986327,111.4546768124739,142.64693800854474,149.82176331089724
145.6003078170497,128.41841551739432,173.7102475050823,157.88061559391005,27.93211206500935,32.47048760077981,160.82837365000353,15.283870748866848,103.49687113541769,112.70464787752194,142.49645980141122,149.97004202878054
145.69814798709518,128.52653813507447,173.99313258640302,157.83723601059802,27.93392609386937,32.48678768240627,161.1564813224015,15.412063048133797,104.00823787819735,114.07543515515253,142.25731905714554,149.58912471335978
146.24752883519778,129.18347142922735,173.9287461385276,157.93485060005798,27.144663603044375,31.857443300242473,161.4973849798784,15.195237211009099,104.81296108113561,114.97337362201735,142.17267851617413,149.73684575646288
146.5595500476,129.4856080030487,171.13928767537197,157.91721546582613,26.474846807784548,31.70962324666331,161.39132265744666,14.951861000257168,106.47711664776489,120.48557911286976,141.76249147497768,149.14625184447328
145.93504407714946,129.80198164739645,177.9485976657212,157.84238397040562,26.163267261912704,31.859730597444027,160.99539093312484,14.614082039963138,108.10952150499008,125.25588331928805,141.0937235308448,147.3165471028012
145.1124676286104,129.15171127009748,177.73174481193274,157.7507320514659,26.468459452435834,32.70384058695784,161.41999369589422,14.646556827572756,111.62002964069737,129.63687883759792,139.96956100846066,148.9693273345519
144.2276623938233,128.36833186908177,176.33351649830723,158.10433162591247,25.917359410336037,33.098454066503216,160.9363582859745,13.748919177119195,114.3372564693448,133.22514015326203,139.18531753002546,155.10669200333766
138.2511674561199,127.31560849593326,173.77109368237285,158.95099703003615,30.177642909601715,33.82556130405895,161.69359992190923,13.74715342353814,116.93944798501715,136.12569895981312,138.9534626723604,156.84413607612123
139.35839129907066,125.1738741989751,174.1551851450399,158.72776222024945,29.024509361395467,34.82548057763642,162.68882370735784,13.875965257281283,119.67543346507742,138.63287860271865,139.04141214928913,159.2986640562075
140.15186168836019,123.6458692341428,174.75230349286596,159.0593632473938,28.44443471855504,35.741165707449824,164.66531998369038,14.103957454835102,125.68395233364201,140.7243863292639,137.39909352207079,164.89724895264393
135.80838983894358,122.25275484535261,175.57244037288402,158.64992622715923,31.305593239683123,36.33059675191067,165.8486659267714,13.803335553561617,130.1607090150241,143.68528262294976,137.03624312085466,161.83080015786337
135.74956023461678,121.30430060057878,179.44115177102393,159.30357947542126,31.94589969708519,37.094110413484124,166.04512797493788,13.780011550908673,131.70056442414517,145.9391179741893,137.25873256807378,156.0253681596417
136.2555525749895,120.17953071671826,179.9880644346112,158.99464761106674,31.67051181474985,37.31349756160988,166.84651796262958,13.899220231485844,135.09670056989893,148.60521425626328,137.67671830512805,153.66253158386624
133.94374472452031,120.15093305453898,168.2108950427232,159.23381941865696,30.969452327865287,36.84439058792192,168.38939991066235,14.110724228860498,138.51371806293,152.95769699288863,138.81601092838892,148.5420208629947
132.005605845727,119.75258142359809,163.20165324230825,160.62420120657475,31.859989700029875,36.9465172388551,169.28387446525846,14.569161872889088,142.0148070529075,154.74409079804843,139.1545031710933,145.4652451358952
131.2436103250571,119.5998458188293,162.7436822788225,161.46817791623275,32.49549437882201,36.4628508627701,170.10120871835954,15.14941107613124,146.48309904055324,156.66958214768644,137.7058430908857,145.11503969814638
131.72347483434928,119.71079443225773,163.07686950901035,162.31394711190757,32.31725688592009,36.36454748457575,171.14671808395912,15.35523226797045,150.57400101550343,158.36332825526463,136.5951599228059,143.88183301818006
131.96081416048864,119.81426847171275,156.88439421367207,161.96536664155064,30.409864549595284,35.79557286669281,171.96597080280435,15.92944398828675,154.42394801706797,158.0133988414988,134.99579066709347,143.78450570067648
132.58091787865456,119.6128958236679,168.14025559365817,161.6494115693374,29.85562151603485,35.57658574195591,172.66164124170592,16.05584319317375,156.9790331698902,159.07884255025874,134.20938002962393,144.44409196162366
132.9235890991674,119.33023926230298,173.54890471915132,161.44081671821593,29.44162726450995,35.45260779781408,173.67018014834414,15.926047607387433,159.41385327218455,160.6263235677467,133.99202694261402,145.98093045681014
133.69567187290218,119.3795682826257,175.97409389994243,161.9167526819431,28.82723020044912,35.438222492578404,174.7097976687581,15.793942572930744,161.47533697731902,162.27803316093787,134.76433072589947,147.4966946827592
134.63090705590787,119.5130685409445,160.90065708683292,162.01715485040765,26.221555066993968,35.21845047853403,175.45184313572483,15.86285352851828,162.92574594970765,163.7732729295948,135.68004910925148,152.79441505494913
134.22168205534808,119.21724451095403,163.4422081136183,162.43168322721687,27.08652662676822,35.52552527749092,175.73267814358897,15.923811803093644,164.0390233994621,164.4881664181814,135.79796875863622,156.68549110614222
134.49054686275076,119.47400971350581,164.1567145320667,162.66429179456995,26.75837628979501,35.50488025958637,175.67955444909424,15.945877248882361,164.2444184123336,164.8969337135559,135.88992532589316,158.8690175828061
133.3534066172302,119.70464298813945,161.07869533679028,163.0909908994253,27.240255270460235,35.63070274837487,175.6783639265281,16.1115455850903,164.1390734597986,165.25246057271622,136.06935007441132,160.59108192166894
132.85346839540327,119.70150438813,161.94993221149795,163.31767792541476,27.696653584660442,35.749959211318576,175.6209241812706,16.146917490392884,163.99248232213714,165.22886179482765,136.34791462967297,162.39190404408046
132.69381596358815,119.85417436429367,159.53212847700303,163.0541869854208,27.62546872128229,35.44714286225394,175.10515512201772,16.341246671098116,163.34862103970042,164.78800341291463,136.82911700229738,162.60280257655134
134.27600033937057,119.76732817229258,166.52836710887786,162.2982990951211,27.692277990702813,35.377048758229535,174.5135692175868,16.418099057943227,162.3622939152882,163.83318978012286,136.82534429756774,163.26137862511507
134.8334838341176,120.15077204502376,164.38664568110212,162.30594925953238,27.927215680039374,35.42923330874422,174.25008622825,16.42855334476341,161.66609745827557,162.74263356724813,136.772390518338,160.4964184452688
133.5834750631026,120.78591835451702,161.98742396793747,162.21643055283405,28.658873016535583,35.12855412660644,173.56788033919133,16.596397618064433,159.74288841865098,161.83253178114322,137.194641136339,160.35604633981654
133.64468768934054,121.22525420735796,159.57578950104048,161.77290865301399,28.28246808420354,34.53428465873099,172.6625068264512,16.83436437057854,156.76350292389913,160.3574917835812,137.68035304521194,159.27981423708502
138.4273328494294,120.1911640651616,172.75109717376634,161.53769950875028,29.14577105113715,35.206217550353166,171.1094708881792,16.90375639418693,152.00329538661916,157.76494050941062,137.99561626808165,157.6456597773205
137.2824734302068,119.21804880597732,170.39776083491336,160.864034490161,29.07800009016535,36.07755391933133,169.81332619092768,16.699393549371234,147.07915250141852,155.29992248029413,138.12998039961087,156.7424267781947
138.42998697124395,119.28721149244763,175.22922688877807,160.22788026420702,29.039287232469896,36.12467367366147,169.1894711368512,16.28133542272905,143.91168431875423,152.14346725139396,137.22814803826301,158.08150187043992
137.5739307776282,120.42841298364874,179.08217229325865,159.978791757269,29.041172359397148,35.67435736620758,167.8646492075018,15.988347081273503,138.83052414146061,148.4264881398372,137.32439128578775,157.1016978747821
136.7934140156244,121.90989902200667,178.67090720964276,160.37693219965857,29.51054346797301,35.19184315561885,166.76044204897758,15.629917213990712,134.688614046268,144.0023922986801,136.97451383556466,158.68402234815835
136.0144607361509,122.87025351760062,178.31271322768433,160.32084372737364,29.648020098726423,34.69211861468056,164.02418545174265,15.52643632688964,131.28565076105966,138.2900514173513,136.1107024955268,159.04803259049228
139.54156996198387,123.54114043292144,179.54471964986138,160.1465827237354,27.89015791692642,34.45676963261545,163.29169208274047,15.224144246895106,128.9132401872844,136.84278049509658,134.89511727842896,158.0080479736535
141.66468250327597,124.84515598220398,178.4778501414508,160.29390467837203,26.2985001025196,33.76641309689163,161.47686915371327,15.231934821902009,123.20073427557628,133.04248706268996,136.54979405210483,146.30344654059957
142.94082325765623,126.41148883724189,179.0299524765361,161.04604173310236,26.506502384391396,32.760156041292234,160.35725929732126,15.411120483428842,120.91827956699942,128.6163329128326,137.10308448366555,147.26529782366273
145.28387274053884,126.26011571152111,178.44807775774714,161.51167191845684,25.529959761896762,32.85752686376611,159.52359536441116,15.10844377226252,116.97176003256139,127.1178238528878,139.45071735209143,146.32990105881132
145.04354404927312,125.95967594002603,179.54313706627335,161.5811629995627,25.214548654070942,33.01793395407994,159.34916486097507,14.960013120703039,114.23275515189201,125.88359841364733,140.62689470391493,143.48389132620775
145.62131977188872,126.08940610701578,179.4457345828394,161.3886224509748,25.29256713881339,33.37799945618716,160.06970657959525,14.541769565498235,111.28454383492289,121.76969861851003,141.18599467440632,143.0105113888897
146.16151728744703,126.2841490490274,179.05700606186008,160.84280758365517,25.394081485437038,33.257946268111596,160.26067603972353,14.200481634153283,107.7425658082095,118.14580248816637,142.64243317542676,145.75928972666014
145.72424452231104,127.05103983266977,176.86660640613954,162.11047612073946,24.911941278638057,32.23225969499774,160.79445306867933,14.432835644139585,105.46747094972933,110.02540153580411,142.37727616848386,150.27714234667573
145.49186020282042,127.33376723181918,172.70600500474836,162.11446540620773,24.880125358015537,32.002465946840346,161.01010153248373,14.282389537250326,103.48770006219752,106.92364961165137,142.03965967172377,150.994700650233
145.66802648777573,127.70664965486553,170.72173150507288,161.8743588231975,24.707082698853316,31.612438315375286,161.25736507388123,14.462598572612075,101.98489708670837,105.29332739412048,142.05538484566003,152.9059211322726
146.21942524802097,127.84733014136867,169.35958653688587,161.8349361877085,24.40183088282238,31.335819760710272,159.78610496803782,14.502294072542387,99.33849051833141,105.29180826167133,141.98427206994023,154.84060478637198
147.28305270159916,128.31855400645495,179.7465509512377,160.62425992083507,24.991661372954944,31.029259634579926,159.27254382836094,14.476651170528399,98.22706141267122,105.40833443026469,141.15659561573884,155.60695909435069
144.4053773624382,128.26703158443232,175.4412168636457,160.8104918246094,26.70829794230493,31.282017937169158,159.19719033041468,14.51619949416993,97.34536444845857,104.22696409757744,141.66154951725747,154.24985377987358
144.62063008040582,128.83089244640684,171.5904273254665,159.97368981977095,26.95403920032745,30.90560569065111,159.41571164705732,14.81600319506334,97.25991451400891,103.7666178452846,142.42704224423684,155.24621982322648
144.70602891673047,128.54913531877935,170.82549848930196,159.70918638759534,27.050781175442538,31.36947378410362,159.7255507830072,14.957231963547176,97.55324096392035,104.01725577893406,142.96094208376243,154.26903607520242
142.58950188613622,128.9812645521036,171.5383904515795,159.65534185426904,28.433485473490826,31.170177151562775,160.34480179730008,14.995295497776615,98.35564581175751,106.04146083420633,143.5722868306198,151.65507152078547
142.1306989405356,129.28015674607727,176.23413628700143,159.55227675910865,28.811459936085193,31.004200250377398,160.80088890177234,15.152379371006953,99.0954554642923,107.2676876774519,144.0261017158211,149.83074512197322
141.61435274182065,130.28704158797007,179.60914318220037,159.69831726635252,28.872089992451908,30.395341492335334,161.3727357009462,15.525870954689593,99.3413035876984,107.92086872686667,143.98783414406878,149.7086427032008
143.19872128502632,129.93135514509117,176.81038019544127,159.1566812291367,27.535481172802662,30.362202303296918,162.08962072787688,15.44136766116917,100.46509222585793,109.360308339053,144.00607435559337,151.15953144561595
139.57902297775084,130.37042449426136,175.90639610493486,159.12722698801616,29.441116415809898,29.86994625665705,162.86239246395013,15.1485117020158,103.92370059825326,114.21486456960952,143.0917281033664,148.47798448419817
139.81257112168512,130.34863927724842,176.812627796614,159.36851540495408,28.216570040397453,29.859817965459836,162.27632534362843,14.976506043098421,107.12371170694085,120.58700908949247,141.97126407233128,146.57868233762127
139.5107316336842,130.9095073627045,176.04130096151735,158.98007453060708,27.448591249345945,29.579098898534827,162.5294992159607,14.851715191964171,110.78174526675124,127.31216004689536,140.8871796384438,146.87709532567908
139.17087218967936,130.80933607530577,178.66058427610534,158.54808510315812,26.79547285237862,29.55670833717184,162.52193022040194,14.794051511262865,114.22334521143715,131.79760589261875,140.38863887362197,150.5914723407497
136.71171861795727,130.61432310411436,179.92303195955986,158.49966701796558,27.50816830730206,29.94654692863166,163.87214603237558,13.867018687293944,118.18863710901581,135.80987828279876,139.0428305333944,147.08670995001353
134.5962456744493,129.88152274650258,178.40207421980836,158.56781662421935,27.943042811975435,30.585158380938157,165.35336851117785,12.979258242596508,121.99062764957897,139.70786634283346,138.11575732683926,159.14539081314334
133.05663658912653,129.09941351662513,176.5390357817372,157.93901972142086,27.9818968707543,31.205591467757646,165.7600028761117,11.518192060995826,126.07934897757174,140.4784271692131,138.35236329327887,156.32718964479758
131.48497952917526,126.31255322879151,176.18637334651794,156.95392943343793,29.362855415829948,32.17033251385322,166.76154401401985,12.146378068967671,130.81004187202595,144.51860049044865,138.04784142136344,159.05295600238063
133.26927027526546,123.28950320773433,176.08136773395515,155.9555506597497,29.4541611085971,33.60289630664568,167.7230972905675,12.81783402254841,135.43313187724496,146.214239036647,137.0369083820811,153.0477572536625
133.25763889209588,121.98789568240372,175.23029406718368,155.23752120283595,29.412872200353558,34.31283830068803,168.99866472811277,13.034509321630694,139.70300205106707,149.6978745430542,136.24877770414983,147.04081741846866
133.47126534315268,121.69624544213565,168.54505365661709,155.428175541727,28.31437316259928,34.46807288774449,169.88682206342853,13.782741992750594,144.1199908272563,151.80092866462002,136.07589728446197,142.13110965158452
133.65902530206935,121.09829896008421,166.1469671830991,156.1144722479403,28.68369313537914,34.71172672885808,171.51280644445163,14.47185588992867,149.71558311975312,153.97347213246627,134.41730418848175,140.78323917621046
134.87117254618238,121.31429987161071,177.5632251228791,156.0890082422034,27.830471299595725,33.89470632230539,172.0931683764029,15.400115935504802,153.64771981287063,154.36007043508857,133.0657647823102,138.31689501132365
136.2149852043291,122.00350756122948,175.54690952680252,157.00581926788587,27.34807302155975,33.09118484054229,172.27909703306088,16.157801677295907,156.73921555051297,154.54245090974487,133.0310496401157,138.9700697305186
137.0663806571115,121.85878790516013,173.56909014473126,156.9625843351214,26.655312108151374,33.06494383107746,173.0196897838179,16.402155677562853,159.4326441353821,155.54538751841127,133.46867615220089,141.5346626700964
136.57639140433088,120.79950522130386,171.8369788469837,157.7895343458752,27.174565948610542,34.00001013443939,173.7832429274034,16.554445548116384,162.28552264903223,156.57806045815101,132.99005358980727,142.8191414660236
136.73272990858933,121.50836272825563,172.21593318237137,158.95693430841015,27.357451519314427,33.8763874009083,173.7014370498038,16.641733307184417,163.17698164668437,157.71777178855496,132.88734451552907,145.60606475269566
134.57614072652638,121.01537792295012,163.9792991136442,160.1610900917109,27.650990897305416,34.55049517404106,173.72461121497952,16.59552424960129,164.25961640282725,158.74825309029498,132.5670394544005,148.93128774354415
135.04386328274518,121.15101646655691,168.45943640608368,160.73045631612698,27.767059432262652,34.27613823588265,174.05599912472385,16.586419392594376,165.80346542131127,159.53707328773407,132.18750062817267,151.1919927251957
134.6817922851663,121.48939134244348,169.7263639145995,160.73258475293227,28.04760950668387,34.14684349329442,174.28812891377322,16.6446137159311,167.08408396491598,160.69857503132326,131.89538694321874,153.9835457729727
133.9635615209392,121.88616145199838,171.03780392683169,160.6566793552052,28.549601039220484,33.82815321693477,174.27150213604693,16.754635245354468,167.45711569809404,160.2692599824899,131.8691410817917,155.78482415302372
133.71482810124635,122.18594606684101,172.96087771972608,160.4535517774232,28.740042220946098,33.727656359629236,173.98114082602243,16.766965272328896,166.84482200793687,159.95452611397357,132.20882742076387,156.06206432557866
135.0429395002875,122.33851659658107,174.81733250275957,160.35026226278364,28.019411517261506,33.471195830091304,173.75827693323643,16.81210752758412,166.26835149628283,159.4641219051149,132.76732503724713,156.36858629311823
135.3158632616643,122.00266680804735,177.49054042266894,160.20463919623668,28.229143511117208,33.56027011723524,173.47886117256874,16.83466606655888,164.93695006180207,159.5101624710713,133.47522867937573,157.4948297686642
139.42685188024092,122.17181936457897,178.14382446001662,160.16651534158018,26.939930715896438,33.626217228548505,173.00443706574268,16.948969466542778,163.47179764572508,158.91934885567403,134.03079206978592,156.7664196918953
137.0257582687727,122.41423381711408,168.76313784625208,159.7602452841737,27.036474194932868,33.14974869693246,172.31930443193085,17.051317749690362,161.2081316236447,157.25638818852283,134.19843079951863,157.07522425529743
135.08088230578957,121.83176039872436,164.54580285144033,159.47971393326324,26.940870224093423,33.4498497345018,171.33134242456097,17.147587057206227,157.78767083997613,154.6692131699061,134.3894999856216,158.26811467499329
137.79072031159888,121.59522852159868,170.0277712386256,159.23474583232414,25.672681033763883,33.277695583893966,170.05217523231136,17.129789515339553,153.69712269370999,152.02539690791716,134.33418590288727,159.0817713858472
140.37300562719955,121.17543143820471,172.41248473735146,158.88294364615209,24.308830313931956,33.79990893851964,168.37214704412744,16.871371122822357,148.2905383015462,149.8539276939084,134.55010481375834,157.04289317087932
140.81698536624967,121.50093423968804,173.69333237625412,158.51752192265528,24.182013727706128,33.74218752444106,167.29830764791907,16.80483094892195,143.9769894797455,146.66065949084506,134.6951690825363,157.57956329051186
141.2799079735382,121.38470597285955,176.3057524236195,158.91547753467592,23.819378051128105,34.60862000794543,166.18154625273277,16.400577162355003,138.51696820262922,143.74629075125588,135.86088181845716,154.3461060830781
142.71643735678,122.49004917045939,179.2775371234377,158.18822594934187,23.094817670175605,34.24761391201396,164.62615034236543,16.13125749986728,134.83658601227708,139.21945319271592,135.40407957797257,153.65327034674456
143.6629685657089,122.72837398646759,176.59796865203052,157.58982190868088,22.996612239295033,34.53059883078903,163.88506212246577,15.525963199859646,131.30799029592762,136.5537405609272,134.98494636321735,151.9276061207937
145.66968318839284,124.20979148677094,178.60538852092975,157.45471722419535,22.744394531551233,33.34178200530584,162.821193976119,15.261486095066637,127.67416118623483,133.6856699920014,135.8965537821045,151.10405023516506
142.9153922126488,124.96922754339337,176.75445623799104,157.51261844800254,24.146851921732843,32.346870062788504,161.22371892596334,15.398162439772863,123.66226849331238,129.45816188615353,137.1733984126074,144.16880831136007
140.992162775694,125.98463655910633,175.56616152616587,158.2772437316284,25.04482248829867,32.06889119648917,160.62423918645555,15.08579143649037,120.73478497966818,126.28630708016202,138.58133061447577,144.91334390809567
140.52178857117386,125.9757157349995,176.0601558013903,159.14957306816822,25.5673589209029,32.40654951200771,159.7968484579164,14.890586888175552,115.5726083888441,122.19096435236696,139.8150227732709,141.03761383748534
139.14384866796087,125.74525714818638,176.22153678844984,159.45244417321922,26.24013037747594,32.67653770904021,159.7111088927486,14.819928284162627,112.83456108049505,119.01006610762532,140.5358800032438,142.3551830554029
140.99950396229224,125.82851849120219,178.7790423560601,158.97482990257032,25.70432431344169,32.12907846662798,159.23495809799306,14.993543135846746,109.17628891945188,112.51369317254479,141.32067118435762,146.7519761707789
141.8494050533835,125.6499929603698,178.908194067588,159.43977235043334,25.141500767227456,32.33762620982443,158.43232828268964,14.73873370700315,105.7558782896921,108.96552759499896,141.67465840711088,149.83880561595146
141.39550407163946,125.84039225282439,177.85952133442018,159.44775009252024,24.900875190647096,32.032855274852054,157.67808715107313,14.641576870574875,102.11555366653648,103.11657131666394,142.19695022766743,151.68310591498312
141.90254363407942,126.01789476383416,176.70335925521186,159.21065800048635,24.361775488460587,31.648108939604207,157.05941965969964,14.678464071684093,100.90559181527914,102.4674267222745,142.1529714848245,154.05137433898173
143.0027888026321,127.0260598784755,175.52937520217236,159.8445976366667,24.110430937973728,31.24044827450089,156.64221982590226,14.681029967947074,99.63409591889821,100.95511082659769,142.0616159218267,154.65937427017562
144.23991436927545,127.62202083446083,175.21129228377788,160.16284810636716,23.577786348251795,30.943383967886092,156.0456693776899,14.488511559885087,98.66975192618646,100.81964181437354,141.8745735103466,152.9147620546869
145.4944249238213,127.80579929794894,174.32865746231568,160.1182485787075,22.939431903784676,30.788153291731994,156.4823366148874,14.614118983414317,98.71360730962733,99.74093003659452,142.2306514570622,152.63189885578242
148.0849817489453,128.207268091726,162.36443901860233,160.1806940132042,22.97024715953517,30.689341724980427,156.4740726340143,14.554351774363324,98.86106949590607,99.91007669936765,142.9746719010733,148.90480525412642
148.22969488346368,128.69235256682634,158.4815149927604,160.26323253851572,23.031046835933385,30.39062265316514,157.1316303575394,14.739723378297201,99.26306526693556,99.75426676231423,143.36590449403414,142.78040778223516
148.5568917532892,129.1936450446612,156.400919060178,160.18032877606348,23.157812746794544,29.983024047125323,157.71698205066113,14.986571871213718,99.87487820721827,100.53337805949818,143.65229288303945,141.25994501237355
148.44882013663613,129.3636902892338,162.42970387792548,160.20033163936688,23.402466901334567,29.823969663461273,158.1559457510268,15.262921807498474,100.37435352578875,101.2390916850939,143.93675783947876,139.66935029460151
147.7320732709228,129.2964218649437,164.6122469332688,160.32627899584128,23.715031728510883,29.865453754567536,158.21731344766772,15.370231642730092,100.9886747220676,102.21627382894039,144.01421473364678,139.18525014732828
146.46745615015047,129.51913977984742,168.4594195878532,159.977902490406,24.011800578443932,29.565186168833936,158.69086451140663,15.389700874896798,101.74236917163768,102.07630425481737,144.13129944006732,139.3469667253532
144.07493512597495,129.05367672860567,172.39959230951678,159.60911366931288,24.72112415169433,29.566214229950482,159.16312200421842,15.320949142403089,105.14240582789807,108.19156266400437,143.51121319811543,138.69524217348385
136.20432327321294,129.28317345100282,169.5364059191009,160.23049722547125,28.923675432618325,29.233924982921987,158.5088742269046,14.910096737444498,107.60953542730769,113.70387362988085,142.66734445301327,136.94072044847806
135.2531399609732,129.37278234757005,172.5755827795402,160.24667390086128,29.39760321788509,29.089768002076077,158.37809948032665,14.455038673149462,112.44047674594928,121.66684944344128,140.6648626209167,134.62842364298086
135.68611522607057,129.81784001176942,172.3525798766078,159.97983349234062,29.42716566584569,28.71043243593053,159.2701106928866,15.021942039187126,117.4393268193258,126.61128067066194,139.0084446538352,134.9597696523812
136.8921606612874,129.862732005872,167.69483984653942,160.7006461318142,29.064303880121518,29.00833193097375,160.36847451732655,15.333453605647401,121.20637015061436,128.41979071477252,138.0795536908194,136.60373959584842
136.85275471347308,130.38646013613737,164.76739288075603,161.32769616300376,28.639171678640373,28.662896026082095,162.19535451212857,15.117817308577115,126.02986774847236,130.61766821436058,136.91930888866887,138.79125471288359
137.13285005760488,130.80395566590585,171.0081658655137,160.95712425306115,27.493216162313473,28.181924521908407,163.51158352928073,15.205657259709042,129.784025506298,132.22113774534466,136.32806658898016,140.2983225713847
137.23383624111196,129.87007554683746,173.45231334008946,160.88541085085967,27.35237665501181,29.344060061735526,165.5452809468518,15.295975633198,135.2168589194723,134.03214657720855,136.54553697182922,144.2994346569139
137.49908686304525,128.31887246079933,175.4384251591163,159.34202722806023,26.928491200371663,30.556968847044672,166.94493111249494,15.291360063858116,139.74201844045336,137.31001640811633,136.62882581079668,149.16270482746648
137.16144006055276,126.8044728445678,173.5031135326186,159.59286254765917,27.726236465665167,31.711942808794785,168.04144759768576,15.148434474139776,143.69431192227427,140.99205898666477,135.82513007112885,145.36304494806404
